{
    "电解槽": 0.0,
    "光伏板": 4280.748826011521,
    "燃料电池": 0.0,
    "电锅炉": 109.33978486311794,
    "空气源热泵": 0.0,
    "地源热泵": 904.6028795545744,
    "储氢罐": 0.0,
    "热水箱": 10000.0
}