{
    "电解槽": 0.0,
    "光伏板": 4280.748826011521,
    "燃料电池": 0.0,
    "电锅炉": 1917.4444444444443,
    "空气源热泵": 0.0,
    "地源热泵": 444.91525423728814,
    "地热井": 225.0,
    "储氢罐": 0.0,
    "热水箱": 10000.0
}