{
    "电解槽": 0.14099732637933896,
    "光伏板": 4999.999852847543,
    "燃料电池": 0.05424212013110572,
    "电锅炉": 0.8220014628396753,
    "空气源热泵": 0.014562361820169028,
    "地源热泵": 120.62144612960867,
    "地热井": 61.0,
    "储氢罐": 0.2974022721738951,
    "热水箱": 327788.5459906803
}